{"cameraMode":{"drawMode":0,"name":"Shaded","section":"Shading Mode"},"sceneLighting":true,"audioPlay":false,"sceneViewState":{"showFog":true,"showMaterialUpdate":false,"showSkybox":true,"showFlares":true,"showImageEffects":true,"showParticleSystems":true},"in2DMode":false,"pivot":{"x":-0.45856356620788576,"y":0.21749091148376466,"z":-2.4064645767211916},"rotation":{"x":-0.014701680280268193,"y":0.984961211681366,"z":-0.13409432768821717,"w":-0.10798677057027817},"size":3.373704195022583,"orthographic":false}