{"cameraMode":{"drawMode":0,"name":"Shaded","section":"Shading Mode"},"sceneLighting":true,"audioPlay":false,"sceneViewState":{"showFog":true,"showMaterialUpdate":false,"showSkybox":true,"showFlares":true,"showImageEffects":true,"showParticleSystems":true},"in2DMode":false,"pivot":{"x":-49.998680114746097,"y":15.194221496582032,"z":17.111631393432618},"rotation":{"x":-0.04987183213233948,"y":0.9490095973014832,"z":-0.19515155255794526,"w":-0.24252358078956605},"size":68.34233856201172,"orthographic":false}